timeStamp,elapsed,label,responseCode,responseMessage,threadName,dataType,success,failureMessage,bytes,sentBytes,grpThreads,allThreads,URL,Latency,IdleTime,Connect
1687136777951,8,GraphQL HTTP Request - All users,200,OK,Thread Group - Low Volume 2-1,text,true,,529,261,1,1,http://localhost:3000/,8,0,1
1687136778003,4,GraphQL HTTP Request - All users,200,OK,Thread Group - Low Volume 2-2,text,true,,529,261,1,1,http://localhost:3000/,4,0,0
1687136778051,4,GraphQL HTTP Request - All users,200,OK,Thread Group - Low Volume 2-3,text,true,,529,261,1,1,http://localhost:3000/,4,0,1
1687136778101,5,GraphQL HTTP Request - All users,200,OK,Thread Group - Low Volume 2-4,text,true,,529,261,1,1,http://localhost:3000/,5,0,1
1687136778152,4,GraphQL HTTP Request - All users,200,OK,Thread Group - Low Volume 2-5,text,true,,529,261,1,1,http://localhost:3000/,4,0,0
1687136778202,4,GraphQL HTTP Request - All users,200,OK,Thread Group - Low Volume 2-6,text,true,,529,261,1,1,http://localhost:3000/,4,0,0
1687136778250,5,GraphQL HTTP Request - All users,200,OK,Thread Group - Low Volume 2-7,text,true,,529,261,1,1,http://localhost:3000/,5,0,1
1687136778301,4,GraphQL HTTP Request - All users,200,OK,Thread Group - Low Volume 2-8,text,true,,529,261,1,1,http://localhost:3000/,4,0,0
1687136778351,5,GraphQL HTTP Request - All users,200,OK,Thread Group - Low Volume 2-9,text,true,,529,261,1,1,http://localhost:3000/,5,0,0
1687136778402,4,GraphQL HTTP Request - All users,200,OK,Thread Group - Low Volume 2-10,text,true,,529,261,1,1,http://localhost:3000/,4,0,0
1687136778451,4,GraphQL HTTP Request - All users,200,OK,Thread Group - Low Volume 2-11,text,true,,529,261,1,1,http://localhost:3000/,4,0,1
1687136778501,5,GraphQL HTTP Request - All users,200,OK,Thread Group - Low Volume 2-12,text,true,,529,261,1,1,http://localhost:3000/,5,0,1
1687136778553,4,GraphQL HTTP Request - All users,200,OK,Thread Group - Low Volume 2-13,text,true,,529,261,1,2,http://localhost:3000/,4,0,0
1687136778602,4,GraphQL HTTP Request - All users,200,OK,Thread Group - Low Volume 2-14,text,true,,529,261,1,1,http://localhost:3000/,4,0,0
1687136778652,4,GraphQL HTTP Request - All users,200,OK,Thread Group - Low Volume 2-15,text,true,,529,261,1,1,http://localhost:3000/,4,0,1
1687136778702,4,GraphQL HTTP Request - All users,200,OK,Thread Group - Low Volume 2-16,text,true,,529,261,1,1,http://localhost:3000/,4,0,0
1687136778752,4,GraphQL HTTP Request - All users,200,OK,Thread Group - Low Volume 2-17,text,true,,529,261,1,1,http://localhost:3000/,4,0,1
1687136778803,4,GraphQL HTTP Request - All users,200,OK,Thread Group - Low Volume 2-18,text,true,,529,261,1,1,http://localhost:3000/,4,0,0
1687136778852,5,GraphQL HTTP Request - All users,200,OK,Thread Group - Low Volume 2-19,text,true,,529,261,1,1,http://localhost:3000/,5,0,0
1687136778902,5,GraphQL HTTP Request - All users,200,OK,Thread Group - Low Volume 2-20,text,true,,529,261,1,1,http://localhost:3000/,5,0,1
1687136778953,4,GraphQL HTTP Request - All users,200,OK,Thread Group - Low Volume 2-21,text,true,,529,261,1,1,http://localhost:3000/,4,0,0
1687136779002,5,GraphQL HTTP Request - All users,200,OK,Thread Group - Low Volume 2-22,text,true,,529,261,1,1,http://localhost:3000/,5,0,1
1687136779052,4,GraphQL HTTP Request - All users,200,OK,Thread Group - Low Volume 2-23,text,true,,529,261,1,1,http://localhost:3000/,4,0,1
1687136779101,5,GraphQL HTTP Request - All users,200,OK,Thread Group - Low Volume 2-24,text,true,,529,261,1,1,http://localhost:3000/,5,0,1
1687136779151,5,GraphQL HTTP Request - All users,200,OK,Thread Group - Low Volume 2-25,text,true,,529,261,1,1,http://localhost:3000/,5,0,1
1687136779202,4,GraphQL HTTP Request - All users,200,OK,Thread Group - Low Volume 2-26,text,true,,529,261,1,1,http://localhost:3000/,4,0,1
1687136779252,4,GraphQL HTTP Request - All users,200,OK,Thread Group - Low Volume 2-27,text,true,,529,261,1,1,http://localhost:3000/,4,0,0
1687136779301,4,GraphQL HTTP Request - All users,200,OK,Thread Group - Low Volume 2-28,text,true,,529,261,1,1,http://localhost:3000/,4,0,1
1687136779352,4,GraphQL HTTP Request - All users,200,OK,Thread Group - Low Volume 2-29,text,true,,529,261,1,1,http://localhost:3000/,4,0,0
1687136779402,5,GraphQL HTTP Request - All users,200,OK,Thread Group - Low Volume 2-30,text,true,,529,261,1,1,http://localhost:3000/,5,0,1
1687136779452,4,GraphQL HTTP Request - All users,200,OK,Thread Group - Low Volume 2-31,text,true,,529,261,1,1,http://localhost:3000/,4,0,0
1687136779502,4,GraphQL HTTP Request - All users,200,OK,Thread Group - Low Volume 2-32,text,true,,529,261,1,1,http://localhost:3000/,4,0,0
1687136779552,5,GraphQL HTTP Request - All users,200,OK,Thread Group - Low Volume 2-33,text,true,,529,261,1,1,http://localhost:3000/,5,0,1
1687136779601,5,GraphQL HTTP Request - All users,200,OK,Thread Group - Low Volume 2-34,text,true,,529,261,1,1,http://localhost:3000/,5,0,1
1687136779652,5,GraphQL HTTP Request - All users,200,OK,Thread Group - Low Volume 2-35,text,true,,529,261,1,1,http://localhost:3000/,5,0,1
1687136779701,5,GraphQL HTTP Request - All users,200,OK,Thread Group - Low Volume 2-36,text,true,,529,261,1,1,http://localhost:3000/,5,0,0
1687136779752,5,GraphQL HTTP Request - All users,200,OK,Thread Group - Low Volume 2-37,text,true,,529,261,1,1,http://localhost:3000/,5,0,1
1687136779802,4,GraphQL HTTP Request - All users,200,OK,Thread Group - Low Volume 2-38,text,true,,529,261,1,1,http://localhost:3000/,4,0,0
1687136779852,4,GraphQL HTTP Request - All users,200,OK,Thread Group - Low Volume 2-39,text,true,,529,261,1,1,http://localhost:3000/,4,0,0
1687136779903,4,GraphQL HTTP Request - All users,200,OK,Thread Group - Low Volume 2-40,text,true,,529,261,1,1,http://localhost:3000/,4,0,0
1687136779952,5,GraphQL HTTP Request - All users,200,OK,Thread Group - Low Volume 2-41,text,true,,529,261,1,1,http://localhost:3000/,5,0,1
1687136780002,5,GraphQL HTTP Request - All users,200,OK,Thread Group - Low Volume 2-42,text,true,,529,261,1,1,http://localhost:3000/,5,0,1
1687136780052,4,GraphQL HTTP Request - All users,200,OK,Thread Group - Low Volume 2-43,text,true,,529,261,1,1,http://localhost:3000/,4,0,0
1687136780101,5,GraphQL HTTP Request - All users,200,OK,Thread Group - Low Volume 2-44,text,true,,529,261,1,1,http://localhost:3000/,5,0,1
1687136780152,4,GraphQL HTTP Request - All users,200,OK,Thread Group - Low Volume 2-45,text,true,,529,261,1,1,http://localhost:3000/,4,0,0
1687136780202,5,GraphQL HTTP Request - All users,200,OK,Thread Group - Low Volume 2-46,text,true,,529,261,1,1,http://localhost:3000/,5,0,1
1687136780252,4,GraphQL HTTP Request - All users,200,OK,Thread Group - Low Volume 2-47,text,true,,529,261,1,1,http://localhost:3000/,4,0,0
1687136780302,4,GraphQL HTTP Request - All users,200,OK,Thread Group - Low Volume 2-48,text,true,,529,261,1,1,http://localhost:3000/,4,0,0
1687136780352,5,GraphQL HTTP Request - All users,200,OK,Thread Group - Low Volume 2-49,text,true,,529,261,1,1,http://localhost:3000/,5,0,1
1687136780405,4,GraphQL HTTP Request - All users,200,OK,Thread Group - Low Volume 2-50,text,true,,529,261,1,1,http://localhost:3000/,4,0,0
1687136780452,4,GraphQL HTTP Request - All users,200,OK,Thread Group - Low Volume 2-51,text,true,,529,261,1,1,http://localhost:3000/,4,0,0
1687136780502,4,GraphQL HTTP Request - All users,200,OK,Thread Group - Low Volume 2-52,text,true,,529,261,1,1,http://localhost:3000/,4,0,1
1687136780553,4,GraphQL HTTP Request - All users,200,OK,Thread Group - Low Volume 2-53,text,true,,529,261,1,1,http://localhost:3000/,4,0,0
1687136780602,4,GraphQL HTTP Request - All users,200,OK,Thread Group - Low Volume 2-54,text,true,,529,261,1,1,http://localhost:3000/,4,0,1
1687136780652,4,GraphQL HTTP Request - All users,200,OK,Thread Group - Low Volume 2-55,text,true,,529,261,1,1,http://localhost:3000/,4,0,0
1687136780702,5,GraphQL HTTP Request - All users,200,OK,Thread Group - Low Volume 2-56,text,true,,529,261,1,1,http://localhost:3000/,5,0,1
1687136780751,4,GraphQL HTTP Request - All users,200,OK,Thread Group - Low Volume 2-57,text,true,,529,261,1,1,http://localhost:3000/,4,0,1
1687136780802,4,GraphQL HTTP Request - All users,200,OK,Thread Group - Low Volume 2-58,text,true,,529,261,1,1,http://localhost:3000/,4,0,0
1687136780853,4,GraphQL HTTP Request - All users,200,OK,Thread Group - Low Volume 2-59,text,true,,529,261,1,1,http://localhost:3000/,4,0,0
1687136780902,5,GraphQL HTTP Request - All users,200,OK,Thread Group - Low Volume 2-60,text,true,,529,261,1,1,http://localhost:3000/,5,0,1
1687136780953,5,GraphQL HTTP Request - All users,200,OK,Thread Group - Low Volume 2-61,text,true,,529,261,1,1,http://localhost:3000/,5,0,0
1687136781003,4,GraphQL HTTP Request - All users,200,OK,Thread Group - Low Volume 2-62,text,true,,529,261,1,1,http://localhost:3000/,4,0,0
1687136781053,4,GraphQL HTTP Request - All users,200,OK,Thread Group - Low Volume 2-63,text,true,,529,261,1,1,http://localhost:3000/,4,0,0
1687136781103,4,GraphQL HTTP Request - All users,200,OK,Thread Group - Low Volume 2-64,text,true,,529,261,1,1,http://localhost:3000/,4,0,0
1687136781152,5,GraphQL HTTP Request - All users,200,OK,Thread Group - Low Volume 2-65,text,true,,529,261,1,1,http://localhost:3000/,5,0,1
1687136781201,4,GraphQL HTTP Request - All users,200,OK,Thread Group - Low Volume 2-66,text,true,,529,261,1,1,http://localhost:3000/,4,0,0
1687136781253,4,GraphQL HTTP Request - All users,200,OK,Thread Group - Low Volume 2-67,text,true,,529,261,1,1,http://localhost:3000/,4,0,0
1687136781304,3,GraphQL HTTP Request - All users,200,OK,Thread Group - Low Volume 2-68,text,true,,529,261,1,1,http://localhost:3000/,3,0,0
1687136781353,4,GraphQL HTTP Request - All users,200,OK,Thread Group - Low Volume 2-69,text,true,,529,261,1,1,http://localhost:3000/,4,0,0
1687136781403,4,GraphQL HTTP Request - All users,200,OK,Thread Group - Low Volume 2-70,text,true,,529,261,1,1,http://localhost:3000/,4,0,0
1687136781454,4,GraphQL HTTP Request - All users,200,OK,Thread Group - Low Volume 2-71,text,true,,529,261,1,1,http://localhost:3000/,4,0,0
1687136781502,4,GraphQL HTTP Request - All users,200,OK,Thread Group - Low Volume 2-72,text,true,,529,261,1,1,http://localhost:3000/,4,0,0
1687136781553,5,GraphQL HTTP Request - All users,200,OK,Thread Group - Low Volume 2-73,text,true,,529,261,1,1,http://localhost:3000/,5,0,1
1687136781603,4,GraphQL HTTP Request - All users,200,OK,Thread Group - Low Volume 2-74,text,true,,529,261,1,1,http://localhost:3000/,4,0,0
1687136781652,5,GraphQL HTTP Request - All users,200,OK,Thread Group - Low Volume 2-75,text,true,,529,261,1,1,http://localhost:3000/,5,0,1
1687136781703,4,GraphQL HTTP Request - All users,200,OK,Thread Group - Low Volume 2-76,text,true,,529,261,1,1,http://localhost:3000/,4,0,0
1687136781752,4,GraphQL HTTP Request - All users,200,OK,Thread Group - Low Volume 2-77,text,true,,529,261,1,1,http://localhost:3000/,4,0,0
1687136781802,3,GraphQL HTTP Request - All users,200,OK,Thread Group - Low Volume 2-78,text,true,,529,261,1,1,http://localhost:3000/,3,0,0
1687136781853,4,GraphQL HTTP Request - All users,200,OK,Thread Group - Low Volume 2-79,text,true,,529,261,1,1,http://localhost:3000/,4,0,0
1687136781901,4,GraphQL HTTP Request - All users,200,OK,Thread Group - Low Volume 2-80,text,true,,529,261,1,1,http://localhost:3000/,4,0,0
1687136781951,4,GraphQL HTTP Request - All users,200,OK,Thread Group - Low Volume 2-81,text,true,,529,261,1,1,http://localhost:3000/,4,0,0
1687136782001,4,GraphQL HTTP Request - All users,200,OK,Thread Group - Low Volume 2-82,text,true,,529,261,1,2,http://localhost:3000/,4,0,0
1687136782052,3,GraphQL HTTP Request - All users,200,OK,Thread Group - Low Volume 2-83,text,true,,529,261,1,1,http://localhost:3000/,3,0,0
1687136782101,4,GraphQL HTTP Request - All users,200,OK,Thread Group - Low Volume 2-84,text,true,,529,261,1,1,http://localhost:3000/,4,0,0
1687136782152,4,GraphQL HTTP Request - All users,200,OK,Thread Group - Low Volume 2-85,text,true,,529,261,1,1,http://localhost:3000/,4,0,0
1687136782202,4,GraphQL HTTP Request - All users,200,OK,Thread Group - Low Volume 2-86,text,true,,529,261,1,1,http://localhost:3000/,4,0,0
1687136782252,4,GraphQL HTTP Request - All users,200,OK,Thread Group - Low Volume 2-87,text,true,,529,261,1,1,http://localhost:3000/,4,0,0
1687136782301,4,GraphQL HTTP Request - All users,200,OK,Thread Group - Low Volume 2-88,text,true,,529,261,1,1,http://localhost:3000/,4,0,1
1687136782351,5,GraphQL HTTP Request - All users,200,OK,Thread Group - Low Volume 2-89,text,true,,529,261,1,1,http://localhost:3000/,5,0,1
1687136782402,5,GraphQL HTTP Request - All users,200,OK,Thread Group - Low Volume 2-90,text,true,,529,261,1,1,http://localhost:3000/,5,0,1
1687136782452,4,GraphQL HTTP Request - All users,200,OK,Thread Group - Low Volume 2-91,text,true,,529,261,1,1,http://localhost:3000/,4,0,0
1687136782502,4,GraphQL HTTP Request - All users,200,OK,Thread Group - Low Volume 2-92,text,true,,529,261,1,1,http://localhost:3000/,4,0,0
1687136782551,5,GraphQL HTTP Request - All users,200,OK,Thread Group - Low Volume 2-93,text,true,,529,261,1,1,http://localhost:3000/,5,0,1
1687136782601,4,GraphQL HTTP Request - All users,200,OK,Thread Group - Low Volume 2-94,text,true,,529,261,1,1,http://localhost:3000/,4,0,0
1687136782651,5,GraphQL HTTP Request - All users,200,OK,Thread Group - Low Volume 2-95,text,true,,529,261,1,1,http://localhost:3000/,5,0,1
1687136782702,8,GraphQL HTTP Request - All users,200,OK,Thread Group - Low Volume 2-96,text,true,,529,261,1,1,http://localhost:3000/,8,0,0
1687136782751,5,GraphQL HTTP Request - All users,200,OK,Thread Group - Low Volume 2-97,text,true,,529,261,1,1,http://localhost:3000/,5,0,1
1687136782801,4,GraphQL HTTP Request - All users,200,OK,Thread Group - Low Volume 2-98,text,true,,529,261,1,1,http://localhost:3000/,4,0,1
1687136782852,4,GraphQL HTTP Request - All users,200,OK,Thread Group - Low Volume 2-99,text,true,,529,261,1,1,http://localhost:3000/,4,0,0
1687136782901,4,GraphQL HTTP Request - All users,200,OK,Thread Group - Low Volume 2-100,text,true,,529,261,1,1,http://localhost:3000/,4,0,1
